node,pagerank,in_degree,out_degree,betweenness,fraud_count,avg_fraud_prob,is_fraud_node,node_short,risk_label
5d2233f5a1a6435891142442fac09a77809d0c16496f07b2575c3a451fbd7f60,0.4305810376079854,26009,0,0.926543049261804,4549,0.2857864095673267,1,5d2233f5a1a6,Low
93628e8e3030e3e1d4f0c4288991fac02621374a42631753f7dc46e3ded022e7,0.0006345687310451,4,3,3.971154314671344e-06,0,0.0844041372857142,0,93628e8e3030,Low
cc5931492ffb69621da4f4b6d075380baf7d46e7e7af2859798ce71aee76f09f,0.000490184753215,6,1,7.30887297178775e-08,0,0.0614239165714285,0,cc5931492ffb,Low
388dbd8594db84a0485ad0085b7b2cceef013e10ca3e728a3385ccebc2207c62,0.0004510295858729,4,0,2.685290670997504e-07,0,0.066214159,0,388dbd8594db,Low
985cafd6d0d1c62748bbcfe8be780c09de7ce6b80a6d67a2f1fff7b3a2269b6e,0.0004326802985512,2,8,4.97003362081567e-06,0,0.0592158759,0,985cafd6d0d1,Low
6e0fe0280311be18ab37e2ac10675354464e6448e38e4e73f2def76020fe40f2,0.0003984540080849,2,3,3.410807386834284e-07,0,0.0688513229999999,0,6e0fe0280311,Low
ead119c5d1130dc62b309d38a8fa74bc85c9e4302edb6fab61b7e4b703e83a0f,0.0003908241546519,6,7,0.0001406227159771,13,0.86564679,1,ead119c5d113,High
f8f0c08ca6837bf7f41fb600ea803a0131db88f1794b8576a083ececbde0211a,0.0003655206997397,6,6,0.0,12,0.8788487808333333,1,f8f0c08ca683,High
266acfce09ab5e97c4ae64e08509929715f87c86e11377dc1a82220ec54f6d06,0.0002464758646403,2,0,0.0,0,0.0470328805,0,266acfce09ab,Low
cc35d6ec9ad18c8bb18d9433ec15f6308d20a119387681eb2029b71b80cbe9d9,0.0002074557299312,1,0,0.0,0,0.05754113,0,cc35d6ec9ad1,Low
43e25697791837e225e70ac47a9b68f19db69ff80bad2b9c57797c98c1e87790,0.0002074557299312,2,0,0.0,0,0.10213808,0,43e256977918,Low
fab8a0019fa662d0adb628c713986e430506418d0751194235fc87d9b2820a27,0.0002074557299312,2,0,0.0,0,0.0286116105,0,fab8a0019fa6,Low
3c6841c3d8f6584e15d15d69a603ec2ce33627e6b4718e2d957c73cc67610c87,0.0002074557299312,1,0,0.0,0,0.115724504,0,3c6841c3d8f6,Low
04ada8d5a21b3ee301e6841345139acf0be91492b6382b38f6350c685307cfac,0.0002026354284181,5,1,6.821614773668567e-07,0,0.0375247561666666,0,04ada8d5a21b,Low
8bcbd9899c72c490bb816f0eec68abd5d5c347a56ea04d937e8d3332bf6db55c,0.0001831333800648,2,0,0.0001406227159771,0,0.0320025985,0,8bcbd9899c72,Low
4ab204fb619a80fc8014f52abfd38b8ceeefb8548aba21af9e2b8a4ee6827b87,0.0001831333800648,3,7,0.0001406115842267,10,0.81702477,1,4ab204fb619a,High
ae66b7c46108996043eca5265d741272c52d3113851141b55c8686472a197801,0.0001763092054458,3,13,0.0001406227159771,16,0.855389193125,1,ae66b7c46108,High
a3535e4919185260f4f871122f1fed50e57e1b7ffd17e21e1a406b95eaa81460,0.0001626608562079,2,0,0.0020666569215027,0,0.0374540815,0,a3535e491918,Low
7810cf1bfee064d584ddf8d5e087b846cb8a461fc85714d4d0a1b98311216cd5,0.0001624823091589,3,1,7.30887297178775e-08,0,0.0377684355,0,7810cf1bfee0,Low
193366304757172f73ad6e3b18d5c569df9edd725d715a1e8a7f27244bdf8be6,0.0001572115291895,6,0,0.0,0,0.0613514763333333,0,193366304757,Low
a2adc170762b7f5122472a6cec46b87e524a44c32137f7d793d9c1c3d41b1a06,0.0001559296654478,25,31,0.0,0,0.0412515963767857,0,a2adc170762b,Low
d6e9f30c80e98cd5877d8739b68295785262b2b130710ef122cf30c2f85d7bc4,0.0001490125069699,1,0,0.0,0,0.3161201,0,d6e9f30c80e9,Medium
4dfda791cd4fa5fc4c1150641b9b569fc166824c796b99a8b6843a349941c2ee,0.0001490125069699,1,0,0.0,0,0.041889522,0,4dfda791cd4f,Low
3fb51134c3ef3418193a06e5bced50101b74ada78c4a9e1846736cf61ff85ce5,0.0001490125069699,1,0,0.0,0,0.002534323,0,3fb51134c3ef,Low
8de824840fdcdf2d837feadfa55c0ecb647fa417d9fe6520f60ce861c4266a8d,0.0001490125069699,1,0,0.0,0,0.015173122,0,8de824840fdc,Low
7b359ab93693352653e780489771a31fcfba4b2231a525bd88ab9a432763444d,0.0001490125069699,3,0,0.0,0,0.0144712086666666,0,7b359ab93693,Low
b09418206c7ef837a66ac187f06222776149b9386a381405a2b7331af6d63c59,0.0001490125069699,1,0,0.0,0,0.003805022,0,b09418206c7e,Low
63f8c7a1a1325195d42c40157ba9aaec48d7a39cd644ff709841396e42fb03e1,0.0001490125069699,1,0,0.0,0,0.040322784,0,63f8c7a1a132,Low
939a16e3eda0aac9c9fe75471a58bd80a54d9a14a42a447364c03bb2562caed9,0.0001490125069699,1,0,0.0,0,0.051043168,0,939a16e3eda0,Low
eaf5f7411702af022e406cfbdb72b13e0f10a06a2a96846c4fc7557b68112504,0.0001490125069699,1,0,0.0,0,0.10243447,0,eaf5f7411702,Low
fee5b8b6e7450cd0b917f6b715df2db538088ab80804c87b1000793d7764b442,0.0001490125069699,1,2,0.0,0,0.0234810476666666,0,fee5b8b6e745,Low
4cd780b69daf160a1aac7e0fa3b6e72aad8b68bc5e59a4f565ab06d68a53ff52,0.0001490125069699,6,0,0.0,0,0.1111258916666666,0,4cd780b69daf,Low
21b660b2b84e2d1056b05dee281de334541225126318f5993f05d13220464c04,0.0001490125069699,1,0,0.0,0,0.06740753,0,21b660b2b84e,Low
a2bb4be795eccdad3da55734a17d9c71788d8eab5a1d2c05cab82b1780eeea6b,0.0001490125069699,1,0,0.0,0,0.085603006,0,a2bb4be795ec,Low
3f3251239d9015c9c0e02cfabbf68b06586c6e661947c5b0a02010dddb60bcdf,0.0001490125069699,2,0,0.0,2,0.7508260600000001,1,3f3251239d90,High
af3099421efb5381e9db6421f82088e81894889d003f89c26dd50cd02bce678b,0.0001490125069699,1,0,0.0,0,0.41893113,0,af3099421efb,Medium
c439a26862eab136db5f316cf58960759e1e71a540f42b32f018212a398a930d,0.0001490125069699,1,0,0.0,0,0.1285566,0,c439a26862ea,Low
732c2653831a70edf59f15327f920ef89f1cbf1d0825238ac63d94de9939d896,0.0001490125069699,1,0,0.0,0,0.03860139,0,732c2653831a,Low
943ed89ac781ef5cc62dad7661e64bc6ce181bc25daa3848f2880e6119093fbc,0.0001490125069699,1,0,0.0,0,0.077577226,0,943ed89ac781,Low
a2e6cde60685d6abd2594e98fbe2a2b0a16234d757517001c960369e522eecdc,0.0001490125069699,1,0,0.0,0,0.061489075,0,a2e6cde60685,Low
e693a860736037d72c5d573d9ec163f4fe065ff2954923bdceac4d4a727cab70,0.0001490125069699,1,0,0.0,0,0.019115694,0,e693a8607360,Low
01c95cf29bcd921201fc7f639548c732bc776613c3d07864ba0e2315c38a75f4,0.0001490125069699,1,0,0.0,0,0.06281966,0,01c95cf29bcd,Low
b6831c3d8dec1246a2293b5117fa2b5354470fc469a78bb27db19cb0bfa84b20,0.0001490125069699,2,0,0.0,0,0.061151434,0,b6831c3d8dec,Low
c627c7b5cd0d41fd0bc016b241ca19fff2da9a7f225c065a028dcaa3402ebaa7,0.0001490125069699,1,0,0.0,0,0.04351134,0,c627c7b5cd0d,Low
1ae6376e237f7f3d0c19405b9d404e1ff06028c2de5c85451809758467d61168,0.0001490125069699,1,0,0.0,0,0.04270581,0,1ae6376e237f,Low
39e49c6c7fcbb95112e500ff5a3cf3b0fe2adf9b667189aeb0322ab0a2018d96,0.0001490125069699,1,0,0.0,0,0.051806558,0,39e49c6c7fcb,Low
4eab7b37597b9995cbb8d8afd6aff5b5a85fb84fe31227645a19e84142940529,0.0001490125069699,1,1,0.0001406227159771,0,0.334830485,0,4eab7b37597b,Medium
e0d58035fa66916c4e0c56491815065b5eb2b29b8696118d00bd69d733d79f02,0.0001490125069699,1,0,0.0,0,0.06776848,0,e0d58035fa66,Low
9203f5ebb08fee8355b03b0f7ebf4aa98cc3687a836cf45ca311fd8824522853,0.0001490125069699,1,39,0.0024876480046776,0,0.0883951762,0,9203f5ebb08f,Low
6c4010f6e92ebb31389876d8ab06cb6c2b1c8cea02ef294202e3234382469680,0.0001490125069699,2,0,0.0,0,0.03714979,0,6c4010f6e92e,Low
e420635a3ceab89714f865d15da34432a509f96f93ae44c032c690f522210b1f,0.0001490125069699,1,0,0.0,0,0.013973681,0,e420635a3cea,Low
89d7e5b5132b1f76b118a12978ab1ea09d3937b830af2ffd26932b12fa24e67e,0.0001490125069699,1,0,0.0,0,0.02522393,0,89d7e5b5132b,Low
59c74c32b95e3b8857cc8a9c4279c251ae42b6faa51eeda65c88a68f9a8d3bc4,0.0001490125069699,1,0,0.0,0,0.07513857,0,59c74c32b95e,Low
ee1952c034e1bd61d86d818c59a003844ae19c678acd36ace7bbeee6f6cfac0e,0.0001490125069699,1,0,0.0,0,0.076018006,0,ee1952c034e1,Low
584ec66be589c6ac6d64fd24a87d92c70c9530c857c7e3aca6652e1fc79edb7f,0.0001490125069699,1,6,0.0001406227159771,0,0.0996613654285714,0,584ec66be589,Low
c7619294ffc5b31d12efa0478ca4d7c95a79e86ee67a77144c247aa2b4ab6a27,0.0001490125069699,1,0,0.0,0,0.06790638,0,c7619294ffc5,Low
9d0d5ff2d94c0ba413370c29f168dbe0c644324670fa384930ad0adfd0a80ab6,0.0001490125069699,1,0,0.0,0,0.06561435,0,9d0d5ff2d94c,Low
ae54840fdce649a1415fec89e3e424923d6dde2b699d0dbfd0eb48231ecbfe8e,0.0001490125069699,2,0,0.0,0,0.4564291099999999,0,ae54840fdce6,Medium
ff5cbc6523e58a05f1e3cbf46b13a165e3ce4e99e773d6060205e742b38ef3e8,0.0001490125069699,1,0,0.0,0,0.05831216,0,ff5cbc6523e5,Low
3c0c9a7b091cde7972e6ca52dc07e8c4f056d051c53d5927b507032914379321,0.0001490125069699,1,0,0.0,0,0.017916866,0,3c0c9a7b091c,Low
e574e6654279b59617d2db2b6caba92885ff621c3b1260fd165bb09f38525e0c,0.0001490125069699,2,0,0.0,0,0.35515268,0,e574e6654279,Medium
500831dc3d2887f95d11691b16ee6510a02307c7300b00eb6455c00ffd8d5735,0.0001490125069699,1,0,0.0,0,0.0274064,0,500831dc3d28,Low
94af29dfdfc35f645623dbda56476848fd2bca2d499d6e84e0f881bf949d6d15,0.0001490125069699,1,0,0.0,0,0.3232082,0,94af29dfdfc3,Medium
0fe7c714dcccfbf4b9ed7a6d51bb7e0f1f23244d87e74bc1295818b022669cd5,0.0001490125069699,1,4,1.1206938556741215e-06,0,0.0315410846,0,0fe7c714dccc,Low
a5d1fa3ce91b7688630a7b05f2abcda4f58ca5b634ab2d52c39f6465c69723bf,0.0001490125069699,1,3,0.0001406227159771,0,0.2988992299999999,0,a5d1fa3ce91b,Low
d18fd4e83f9c8804a6b41764fe817c44a3516fa974769907089231d0d3680047,0.0001490125069699,1,0,0.0,0,0.09252394,0,d18fd4e83f9c,Low
dbc34fff1ceaf3fd4da170515d2ca511079eca2f1d0a6e820aab61f9bc87352e,0.0001490125069699,1,0,0.0,0,0.029569535,0,dbc34fff1cea,Low
967288b1a1340b1df2349aae07fd9dc6f853b535d1916f522d477c70eef18540,0.0001490125069699,1,0,0.0,0,0.057150226,0,967288b1a134,Low
3a7fc7b85978a24349499ae2cd7cc5a5f3d85e912a61684677089d95b6232c4f,0.0001490125069699,1,0,0.0,0,0.036445692,0,3a7fc7b85978,Low
f64d7cd8d3dd8c95c78228287aa5763e3aabcbd6b756f9fd0ee83bd22cd882e0,0.0001490125069699,1,0,0.0,0,0.01592877,0,f64d7cd8d3dd,Low
3992f8710e7c0e4b5b4ccc4c343c9500510eef931cf3563178d8401ddfb4f7f0,0.0001490125069699,1,0,0.0,0,0.1632767,0,3992f8710e7c,Low
00353094eaeedf277d3f052994990970c33a62f779ca7547fc2b7b663ab469fe,0.0001490125069699,1,0,0.0,0,0.07552421,0,00353094eaee,Low
3422d457fbdb6f720687d5b57095ff0978f9bde214b42306271c639c9e59083b,0.0001490125069699,1,0,0.0,0,0.18892889,0,3422d457fbdb,Low
209b91add4ff06bbc4c2754b433b850449bd691519fac4b32c922223469e8c2c,0.0001490125069699,2,0,0.0,0,0.0445982555,0,209b91add4ff,Low
60f40c97c6c64a35cf90009d09edaf743ce6fa3d55a47cd843d26a4151413b31,0.0001490125069699,5,0,0.0,0,0.0192019021,0,60f40c97c6c6,Low
e6b3012b80c1941bdb8c3eac909dfd97bc3259c108e538956e462331d27c41aa,0.0001490125069699,1,0,0.0,0,0.011176445,0,e6b3012b80c1,Low
310fdd6d7b8490dbbb7c76ad954bf28f132c1966b220c0971982c89f6b7e7f3c,0.0001490125069699,1,0,0.0,0,0.030272253,0,310fdd6d7b84,Low
7dd142acca2b85aab4b115b45d4a35adfa1dc75bd41609d7f7b6e9058458ebbd,0.0001490125069699,1,0,0.0,0,0.024244126,0,7dd142acca2b,Low
6b5376b19d50ea98dc3710bcc890b60e3b33c568b018482bdee453d445b47b6a,0.0001490125069699,1,0,0.0,0,0.12399792,0,6b5376b19d50,Low
f2eef78531d820b4c71f4dc49ca8369a6b87e8365e3e15438e5dc7d977b8d615,0.0001490125069699,1,0,0.0,0,0.24689214,0,f2eef78531d8,Low
76a83dce782a402fd48c5057a73eb0929b0b42c9d449d01176d7f103ec6a8837,0.0001490125069699,1,0,0.0,0,0.03563565,0,76a83dce782a,Low
2abbbc0be63cf3749db4554e58013669ac3e0410cb4cb9feb6e88d04b968dad0,0.0001490125069699,1,0,0.0,0,0.0034904396,0,2abbbc0be63c,Low
bb8cb3ff36d180a9dd908da369af1daf889daf59324f5b5c3c9d0dacff190198,0.0001490125069699,1,0,0.0,0,0.14749525,0,bb8cb3ff36d1,Low
e54ee1463a885bf74cba2a7a3bdadcabd970186653b48a1bb917efedc5940f6e,0.0001490125069699,1,0,0.0,0,0.06979983,0,e54ee1463a88,Low
1000dfd702cc8d8d9307cd87fb733fb1b166883ec31ca99157606252f0488662,0.0001490125069699,1,0,0.0,0,0.054249667,0,1000dfd702cc,Low
2b36dad3e506329b92b3ea1f455cbfce971384f8213d2485063d4e17fd347e59,0.0001490125069699,1,0,0.0,0,0.13084686,0,2b36dad3e506,Low
6eb0992a00d1c85792bf6d931e63f25a326cce56cc8769469111d822ed956a66,0.0001490125069699,1,0,0.0,0,0.045046464,0,6eb0992a00d1,Low
615c77bb8a66dad0258ea996b5c9c6fb2f0f3f7c148e934ffc4e4ee66d042247,0.0001490125069699,1,0,0.0,0,0.113669276,0,615c77bb8a66,Low
7a312cb1e5245560c523d830a24f881c7d0e015fa4deebefb10ce7f87511920a,0.0001490125069699,1,0,0.0,0,0.08085378,0,7a312cb1e524,Low
4051e9ed347471702b348e219eefd93251e39fcee606300b67994d376bcd0b37,0.0001490125069699,1,0,0.0,0,0.058127377,0,4051e9ed3474,Low
9d3e574c3aaa26d033451aa1e11529396f418e6d7a2cd449367f06312dfab5e3,0.0001490125069699,1,0,0.0,0,0.017934015,0,9d3e574c3aaa,Low
b0ccc9e529740e5cad80697792251759db01aee5a97208aa91a8f3fd5fa194b2,0.0001490125069699,1,1,0.0,0,0.09779068,0,b0ccc9e52974,Low
9e149ed3d1f9762acb77e493fb76ab339581a350bac445f9e65f0d2e49bf0cef,0.0001490125069699,1,0,0.0,0,0.28077757,0,9e149ed3d1f9,Low
0e51e6f44983a60de3909476e0f2b3062d3fa5834fbd8c3c6c079ba366e06a15,0.0001490125069699,1,0,0.0,0,0.021949176,0,0e51e6f44983,Low
b59af89dc9ab848df94e2f6986cdaebc138f6d5f01cc0b3f267acfe2500d392b,0.0001490125069699,2,0,0.0,0,0.033639821,0,b59af89dc9ab,Low
fe2b03b7030464877072c6f4f1ce5a0f40f0ec188d4ca5896c3561a510220a04,0.0001490125069699,2,0,0.0,0,0.0730110595,0,fe2b03b70304,Low
8b6d6fa51d51d1c9464f678a9c67b0fa09046f9aeddfce5dce7e71feda60b188,0.0001490125069699,1,1,0.0001406227159771,0,0.0612666905,0,8b6d6fa51d51,Low
c07bf70cf12dd0f2fdbb5687fc5fcf88519626a6f822748087178d72cbc951fb,0.0001490125069699,1,0,0.0,1,0.6209403,1,c07bf70cf12d,High
a1465006ecae1b7d9c7ef0c575f66e8388c395f72eecf9a0fc294ea907603e81,0.0001490125069699,1,0,0.0,0,0.05446271,0,a1465006ecae,Low
f4fcda052a8f7cd0bbe19a1c4f59307df5fbc9424cf55ae5274b11d5185e3d07,0.0001490125069699,1,0,0.0,0,0.015469399,0,f4fcda052a8f,Low
4a2bda84720fb6800844c5248ce1b1f497a2265a01e6a33d2512cc1a1eccb1ce,0.0001490125069699,1,0,0.0,0,0.069056675,0,4a2bda84720f,Low
89d3452ca02db89f0c2641c1f974cb81894ad936d476b2bfd4cedb7bda9b0cc1,0.0001490125069699,1,0,0.0,0,0.06748054,0,89d3452ca02d,Low
a740cdc87fbc4e3a50d54de4e0b2e521593dfaadde68b9a4209c629c1b207bd7,0.0001490125069699,1,1,0.0001406227159771,0,0.15086549,0,a740cdc87fbc,Low
752ca0e70a01ae80cb8b5bcba603f88031bbad94c7b1fa55fa5f87f5f2dd39be,0.0001490125069699,1,0,0.0,0,0.106749825,0,752ca0e70a01,Low
492701b87f3a86cd0752cd2da1eddb991cffc58b3cba9cc5065a6a710a0cc70e,0.0001490125069699,1,0,0.0,0,0.07704107,0,492701b87f3a,Low
9070214318ec7e3e7ddc47db2d8ea1cde2d58b433aecd1f0839c6b12481bc2fa,0.0001490125069699,1,0,0.0,0,0.030860512,0,9070214318ec,Low
9fba82f44494297b9e8ac1a1d4e08f1ffcad27981bd43c6004210f88ee0db6eb,0.0001490125069699,1,0,0.0,0,0.017963558,0,9fba82f44494,Low
d9a0765e36a9a6a65f3a386718ff8278fce28f7c9efcaaed8d453c0f796462e7,0.0001490125069699,1,0,0.0,0,0.029863274,0,d9a0765e36a9,Low
51bba58f5d9ed00dd8f7e67ed6775a97f009148ccd5f233ff441703686c09382,0.0001490125069699,1,0,0.0,0,0.0139079755,0,51bba58f5d9e,Low
8876d40a6f31add42386c4cf69befebd0b18e4be4af4cc75a4a1638fb932acad,0.0001490125069699,1,0,0.0,0,0.19384561,0,8876d40a6f31,Low
f9a7001a5516df9351205f2b75c152309d985290d1e36a2c98397a977d96848f,0.0001490125069699,1,0,0.0,0,0.03576599,0,f9a7001a5516,Low
41fb95508530301ad7c59e6495987895f33e5451970648fcdbbdab5562376bb5,0.0001490125069699,1,0,0.0,0,0.05855691,0,41fb95508530,Low
dd66c5e70d7d7ae732794cc425981fccaa7a8562938a4e0d6a14505bc4496b73,0.0001490125069699,1,0,0.0,0,0.05620171,0,dd66c5e70d7d,Low
2323fba0b1185280b4d0f63532c3a59c582f7e5dd4a142747a465ba762b200d2,0.0001490125069699,1,0,0.0,0,0.0544407,0,2323fba0b118,Low
8bb72042ab854d2aa2b6feb6e1752092b76ee1946d1f6f36ebc3e92d29b20a3f,0.0001490125069699,1,1,0.0001406227159771,0,0.29484071,0,8bb72042ab85,Low
f74df88ad17fa68f5de8389be6c530b2d75b420a901171f00debd3cf1ac54521,0.0001490125069699,1,0,0.0,0,0.23243801,0,f74df88ad17f,Low
6d1022ffb29e4f78e2c9f90f6276aaa1ccf6fc9d01267e659fc7577891c85689,0.0001490125069699,1,0,0.0,0,0.07103686,0,6d1022ffb29e,Low
48873715e7d715b88b4245eca247f178053c5b2bd6c044bac46e92b24a69fe7d,0.0001490125069699,1,0,0.0,0,0.022093562,0,48873715e7d7,Low
c73d244efabdcfaab2a75ba9a38ea267601a1332eabe0b53d2733e2a455fa080,0.0001490125069699,1,0,0.0,0,0.055902313,0,c73d244efabd,Low
ef3e5f5c04dd02b342fb05668aacd120ec853b70e10b548b10c65387b0c24e96,0.0001490125069699,1,0,0.0,0,0.10960172,0,ef3e5f5c04dd,Low
9356fb42e4d017ba8cef3b756cb3061a660e40ae18f1d482a4c07dfe423f04ea,0.0001490125069699,1,0,0.0,0,0.20591776,0,9356fb42e4d0,Low
3a7ec0e9c9a067e2f9c016cf1ae0488f8f36e1b583b62d2b57e8a6b2c7a2023c,0.0001490125069699,1,0,0.0,0,0.43058938,0,3a7ec0e9c9a0,Medium
8c01c3c91b18aa1a832cbff459ef2c7261248eb056d4f2711f9fc4c73b801854,0.0001490125069699,1,0,0.0,0,0.0142750675,0,8c01c3c91b18,Low
b2c3cf7ff9f38355bb9f04bc8cf1da51dda3ac9cb7cd8ba18ac8f518ee84fc9a,0.0001490125069699,1,0,0.0,0,0.08160884,0,b2c3cf7ff9f3,Low
ea84500e0b5967030138fb21195d73b45caa265461bfc601a815ab73ece91034,0.0001490125069699,1,2,0.0,0,0.095139285,0,ea84500e0b59,Low
07be32b94b22f50a87681fa85f84ef8f8cc20d17831023598694e58754b9b99b,0.0001490125069699,1,0,0.0,0,0.25265694,0,07be32b94b22,Low
5ed1829ec31cfb93e01d998a986130d5f2fb314f6c9a087c0d5774006e5f3b55,0.0001490125069699,1,0,0.0,0,0.040788524,0,5ed1829ec31c,Low
823e6dcc0200cd91c816dacdafa186ecafd48ab43c780de6677023de0e850500,0.0001490125069699,1,1,0.0,0,0.0862437895,0,823e6dcc0200,Low
d1f2c10d0425abd30d1fcd5b8c57e01be903c1d32c22adcedd8fa55b9a069400,0.0001490125069699,1,1,0.0001406227159771,0,0.1527655725,0,d1f2c10d0425,Low
f26da6b7c8fd7faa6797ea6cc0864a416cbf6263554334fb898f2b19ce3fd661,0.0001490125069699,1,0,0.0,0,0.025049517,0,f26da6b7c8fd,Low
8f4311eabcfd2e68a225fb76d74b3272400a06be3a348c570cc3dfbf648ea3fb,0.0001490125069699,1,0,0.0,0,0.42031786,0,8f4311eabcfd,Medium
ed654f3687ca1ef5da46e0d2988c906c02a740fa1fb1bf68f0d3725ac35e2201,0.0001456004196604,4,12,0.0005624908639087,3,0.2287119670625,1,ed654f3687ca,Low
8b9e1ea56277767121c36319f3d7f5a62c29be59766bc936ab23b54c1040fb40,0.000135364157732,4,0,0.0,4,0.91850877,1,8b9e1ea56277,High
228f1cc8ebf9b364ed408e0a422b36b38782d416584b517cf0976f15078eb8b0,0.0001319520704225,3,0,0.0,0,0.0829523413333333,0,228f1cc8ebf9,Low
42378015da7f47abe811170ff75251d89983d5d4063ef477657f52b50155a81f,0.0001277475179875,11,36,0.0,0,0.0339671309170212,0,42378015da7f,Low
cf436a102ec954a16e2b828b5e3936118ab200419f5a06b7b4cad133a2b12431,0.0001267073748265,1,6,6.821614773668567e-07,0,0.0386595857142857,0,cf436a102ec9,Low
28c382af6c6f5e60263c2d6e28589b2af8cd05a79d813d9341a38f8de2b8707e,0.0001267073748265,1,0,0.0,0,0.033104595,0,28c382af6c6f,Low
e0795a8f1c4d9b4e9315ada696c88631dd9d0ae9ff8a64024859529f594ea817,0.00012626525824,2,0,0.0,0,0.22874098,0,e0795a8f1c4d,Low
95ead86eb22732b51513bbd0e65db0507e75f0e8d293ce12f46dc289f82d62c0,0.00012626525824,2,0,0.0,0,0.33947039,0,95ead86eb227,Medium
36faebf72dac0c0c4cd0bf56c9bc73024393b904263a7b55d40f1ca160743e0c,0.00012626525824,2,0,0.0,0,0.39699153,0,36faebf72dac,Medium
70a30640019635b4b362636fce65539417fe04310d0a59d8fd19c2b0ec624d29,0.00012626525824,2,0,0.0,0,0.213221155,0,70a306400196,Low
ed511c796644a3f655831e3a7a097cac55655a55a8ca3f69d4fa853f196db014,0.00012626525824,2,0,0.0,0,0.0232778845,0,ed511c796644,Low
b13aa5ba4ea9bb2443cac2caa92fb8d6b3a86f3d3b35b5da314b7538934f1f4d,0.000123934525463,4,25,0.0,29,0.9330301210344828,1,b13aa5ba4ea9,High
313db077a4c5fb7c19e37c22b8288d648619eb332813710ae4f0663f1d145cf4,0.000121715808494,3,0,0.0,0,0.2181677133333333,0,313db077a4c5,Low
5d844659be51dab3a50c6c685d7ff14f0fe921959f819d8a170c108ea3bd40bc,0.000121715808494,3,2,0.0,5,0.7699785159999999,1,5d844659be51,High
7a17d8962fed802f30e0e68fd36767d4128caac3c6ca30c29700179d4fbcb37d,0.0001214054766764,2,0,0.0,0,0.0174294945,0,7a17d8962fed,Low
ee6e008959340a06506eac9ae7f2de5016fffab61fa5287db592c2cec8adad6a,0.0001148916338751,1,12,0.0001406227159771,13,0.7292147561538461,1,ee6e00895934,High
f18eed835e7f78dc60fcca228c44ccd7989c2a6787f321473dbfd2b039b38e5f,0.0001148916338751,1,0,0.0,0,0.070278734,0,f18eed835e7f,Low
3ddac4ac9aa7b419d5b7c0fb231a5465706f2de3c19678ab74f9a96286c5c2e2,0.0001148916338751,1,0,0.0,0,0.077697866,0,3ddac4ac9aa7,Low
07e13568ce59d50d9b135c906f2e46232f4ddd9a474a292993c07b717c65274a,0.0001148916338751,1,3,0.0,0,0.45078772,0,07e13568ce59,Medium
d2dffc2efcf06275c544e3be5fa051ccf0b5e1b62fe47487cd6fe08b89fcc095,0.0001148916338751,1,0,0.0,0,0.05952081,0,d2dffc2efcf0,Low
997b3b5b1457275fc5f21157a1655084fd6c2fe1b37206a1e57b12e59f10c404,0.0001148916338751,1,0,0.0,0,0.121781096,0,997b3b5b1457,Low
476bf941f106779ef66dff82390cec29a716687b97e3457127ec7965ef22b12e,0.0001148916338751,1,0,0.0,0,0.082867675,0,476bf941f106,Low
2f0b843f5fa86484c9b86f2967d1f1b38f966c391b1336c9ebae141bc0e17b08,0.0001148916338751,1,0,0.0,0,0.084583886,0,2f0b843f5fa8,Low
eb9b7367ab5afc3a0675fa8017ca5583399ad05547f30bd058d687a1e352f466,0.0001148916338751,1,0,0.0,1,0.309574,1,eb9b7367ab5a,Medium
6a1a5512aa7dbe9c20a82fe02be85f73ece5569e759ae1f968482a3d0e874648,0.0001148916338751,1,0,0.0,0,0.34432375,0,6a1a5512aa7d,Medium
5e8d77fc1b0c238dd53e15efb6712c052bb1b4b9ab0bab15826bf0ac7151277e,0.0001148916338751,1,0,0.0,0,0.4374967,0,5e8d77fc1b0c,Medium
17eff16a623c574dae317e389296580e480ab38833ea92a2e2e2d1341af0e468,0.0001148916338751,1,0,0.0,0,0.021420917,0,17eff16a623c,Low
9a15be977cdd977c6cbd6c3911c10c2e39fbd4f749a8fde60b81ab82357c4de3,0.0001148916338751,1,0,0.0,0,0.4558927,0,9a15be977cdd,Medium
c4fefc7116c0855faad7f663c3eaa751e472d7f9414968c7a990512bbfefc14e,0.0001148916338751,1,0,0.0,0,0.22554624,0,c4fefc7116c0,Low
14c1b4d53a659e6d62e9d387c9df8aafcddbbf335c6e4c15da2e1a421a2c61ac,0.0001148916338751,1,0,0.0,0,0.020693053,0,14c1b4d53a65,Low
3b4b90539caed7d23ee1ed6b43728f9ff2876e395af6c75b7a57d756a7da7aa4,0.0001148916338751,1,0,0.0,0,0.09025082,0,3b4b90539cae,Low
490c37e2a72b7c1c96770ae188ace9dd766395d5cb2e06a1508c9703944882d6,0.0001148916338751,1,0,0.0,0,0.058235288,0,490c37e2a72b,Low
81046b351fb34308b3d2352537f2b7bfb512ec1ca217e848a63fc37424835023,0.0001148916338751,1,5,0.0002812454319543,6,0.787892705,1,81046b351fb3,High
0b18f1f9203e838b886864049273a53c38473215c9314424daaed6c54931b732,0.0001148916338751,1,0,0.0,0,0.3344564,0,0b18f1f9203e,Medium
28c54e903df1239c3f964784c61b95765062962c4f8b58ce58855002125457f7,0.0001148916338751,1,0,0.0,0,0.02354381,0,28c54e903df1,Low
9a78a02f078b9ba47a5f11f70bff48a44d97d097fc1f64232af500d38a039605,0.0001148916338751,1,0,0.0,0,0.36998776,0,9a78a02f078b,Medium
9ae509c5f18b65e4f878655be633b7a80815ff98460d29e0fc959518539cc4ec,0.0001148916338751,1,1,0.0,0,0.048458133,0,9ae509c5f18b,Low
ccaefb97fa64f781e347bed008bf38aeabc6e013e9a2c5cbdbcc0dd7b73a8a23,0.0001148916338751,1,0,0.0,0,0.012353129,0,ccaefb97fa64,Low
c84ce1ad2626fad94d323c6991489b58759d2d7248905cc615e0d1b8737647d1,0.0001148916338751,1,0,0.0,0,0.044348862,0,c84ce1ad2626,Low
32aba97fc0f83563c974a250351ff4fdec28cae17e437ee25ea1632497f830b1,0.0001148916338751,1,0,0.0,0,0.1151754,0,32aba97fc0f8,Low
d987e822e038f8e1110420857540617c8331f4e55692824041bf235c71734732,0.0001148916338751,2,0,0.0,0,0.0655136315,0,d987e822e038,Low
24b859c0e2687a7334e359923a09823b74e91a6e07da038897498680592ae551,0.0001148916338751,1,0,0.0,0,0.14379163,0,24b859c0e268,Low
6f569e0de2ff4c6b6d21b03939d46d5232ca2fa5ba5a513f02817839c4803c99,0.0001148916338751,1,0,0.0,0,0.08387203,0,6f569e0de2ff,Low
eebf8cd63c8f68966811916a823efdd4ac0f841dc5ddcfa1a8696f6e0a529341,0.0001148916338751,1,0,0.0,0,0.050554898,0,eebf8cd63c8f,Low
b9e516cc33df1131e3412f488f47c7c67bac878ee2c9ffe56d9a71e0510b86c0,0.0001148916338751,1,0,0.0,1,0.08283193,1,b9e516cc33df,Low
8147f5f57828db5f99912584fafbb18f12d734e44fbc9ec96216e5c53b0def75,0.0001148916338751,1,0,0.0,0,0.008920265,0,8147f5f57828,Low
dafd98903a30efcd03bd3161704c2d768a9250e6b6c2c7b4442164e78f6c53f5,0.0001148916338751,1,0,0.0,0,0.11377887,0,dafd98903a30,Low
79bf6304e9766a1585c6f41df68c52122a9141b75c1a336f0b967d4ab6573529,0.0001148916338751,1,0,0.0,0,0.032639805,0,79bf6304e976,Low
83c2aa956d2f7e692b621cd3cb2dbb98d8d91d6ac0645b3c98a57460a837d1a9,0.0001148916338751,1,0,0.0,0,0.36205408,0,83c2aa956d2f,Medium
afafe57d6615b5ca0759358f4eeec6810637a75305777326f639e1562e7c5573,0.0001148916338751,1,0,0.0,0,0.13672,0,afafe57d6615,Low
7832d59d90b403826ae1af8f98baaf979aa1560d3569fd6cae0edafeddb0b5a1,0.0001148916338751,1,0,0.0,0,0.07964207,0,7832d59d90b4,Low
8917aa334f513b7fa048ed1fecc682c607894b9bd4fce204fe630d6519040c20,0.0001148916338751,1,0,0.0,0,0.007705084,0,8917aa334f51,Low
753c853410528eb657e2b14cfe8a3c10258aac3186f3b49f54c045e63ed00a8b,0.0001148916338751,2,0,0.0,0,0.064091005,0,753c85341052,Low
2ee07a76b4a9393e5b82999973b277d58eb3371ffbbb6907fe5beec38431df28,0.0001148916338751,1,0,0.0,0,0.01033552,0,2ee07a76b4a9,Low
f73698af53c5021256d9144fef4dc24afefbc378ea2c90858ade53d9d76a99e3,0.0001148916338751,1,0,0.0,0,0.023280933,0,f73698af53c5,Low
4cc6e59ffa5a92a91473340c8212e043c6099d95918d61ca5bcf8e3b4da3cde1,0.0001148916338751,1,0,0.0,1,0.52335113,1,4cc6e59ffa5a,Medium
3def2b5c6bd46dec69f3b194356b2fd4dc99e1edec639cea88ab606823c02f18,0.0001148916338751,1,0,0.0,0,0.08811101,0,3def2b5c6bd4,Low
526d585f3b993f15328ee7342d63fdc3920d8a0b70ab89c3370fb3486acc78e6,0.0001148916338751,1,0,0.0,0,0.1975262,0,526d585f3b99,Low
8694fd1d688c0acfee31062b1cf0e8b6cccd72e7a0dcf4d63216e8f78334675e,0.0001148916338751,1,0,0.0,0,0.04061139,0,8694fd1d688c,Low
1f64cbd082aa6640d29a9ba2b1fb7c54cc92463a33c8ffb6ee4a5cf0644a3bd7,0.0001148916338751,1,0,0.0,0,0.14888081,0,1f64cbd082aa,Low
da8dd1835417f9c2f12dca13c012fac9cb3a7c5a3b03949378df2d6ec6e8fa13,0.0001148916338751,1,0,0.0,0,0.011841029,0,da8dd1835417,Low
5ea775d8416e78c6fd9c661d89fd29e78d26042a0f15ee9650e70301db183c75,0.0001148916338751,2,1,0.0,0,0.1461567076666666,0,5ea775d8416e,Low
4ffabbfeb69b47f60a3269fe4022d3decda1903387c6957824e26e6fcdf9829c,0.0001148916338751,1,0,0.0,0,0.029771661,0,4ffabbfeb69b,Low
ef627c699883c54736293f743b6e67750338f35363cbe7e504125fe9504c782d,0.0001148916338751,1,0,0.0,0,0.14054856,0,ef627c699883,Low
67549a45d583f744e6d90ec65b697c7f4eb9b1d6697da009912eeacc34726fce,0.0001148916338751,1,0,0.0,1,0.6137523,1,67549a45d583,High
cfe6af9573d4f62040e0781c35ce5eee0340492bd118c1a2c91d16321d8d4519,0.0001148916338751,1,0,0.0,0,0.0866336,0,cfe6af9573d4,Low
4cd45dd0f7e9006fbc14e0201c757e926025bdfe3ddcd845c98db3ad8e7601b3,0.0001148916338751,1,0,0.0,0,0.22920972,0,4cd45dd0f7e9,Low
563dbcdfec6fc1591f72d19e9e4062a4004f80234992986155072d46128cfe83,0.0001148916338751,1,0,0.0,0,0.020534866,0,563dbcdfec6f,Low
02611e2fdd7d730bddbd654baf24f03a739704bcb34c010c3cb54d3069087eea,0.000113998324932,39,277,7.016518052916241e-05,0,0.0034374644443037,0,02611e2fdd7d,Low
95795b8ba963e3d7bd754ee9cdebed6aa7c8c32f36745e20ee11d07911181104,0.0001132585466703,4,0,0.0,4,0.914534555,1,95795b8ba963,High
6c3f436adfc4cfefb8865abc4902497c6f45d4104a9771a55b4ad81955984c62,0.0001122733242985,3,12,0.0,15,0.77145002,1,6c3f436adfc4,High
f1177513224ada4449fc45f94de3773f823f7eeecba271d32b144152635f861c,0.0001122669513293,6,0,0.0,0,0.1696857688333333,0,f1177513224a,Low
cb7725a47b4616f34e6df4f00cdffc6bb35151a5595f03d8033c6965c6cc67c8,0.0001117114627809,3,0,0.0,0,0.0792054816666666,0,cb7725a47b46,Low
1f4fd30038e021d1f37241134c99839e065d59eb749db1cf869e5ceafe9ba06d,0.0001111004257534,4,0,0.0,4,0.87518,1,1f4fd30038e0,High
c34a25f58b191276cf8d1a55c0360957f519f4680a3ef4d97f5b05945548073c,0.0001080674592561,2,0,0.0,0,0.068238122,0,c34a25f58b19,Low
df50ede5c4ef28a74e5ce1d89b97e1a397616db191ea0a4857b2ef2d7c63d1e9,0.0001080674592561,2,0,0.0,0,0.20923273,0,df50ede5c4ef,Low
f9f10ffc7c8ed4e311b734c03610a90c4ea23fc613f85997489706925b466659,0.0001080674592561,2,0,0.0,0,0.0252961139999999,0,f9f10ffc7c8e,Low
b7444de8fac99023f0c45128509924220f7ccc8d68b330a1b499aa9451b84b86,0.0001080674592561,2,0,0.0,0,0.2427040899999999,0,b7444de8fac9,Low
fd4023ff77ce9aee9326d81a5477aa95b6b089aaf840c21b078a8dc491b23be9,0.0001063614156014,3,4,0.0,0,0.2924010842857142,0,fd4023ff77ce,Low
f0c9669d6f2a1f6512c1b3e4f31db09d50247a213ebf32f021251051a0d47d04,0.0001059743405737,88,0,0.0,0,0.0028093081840909,0,f0c9669d6f2a,Low
91613da65b3d3ada839f0f1969039d0ed7754725662221823d3b13868f617122,0.0001054734485651,1,13,0.0001406227159771,0,0.270382505,0,91613da65b3d,Low
edcc548d5882a4c7d70ad8b64920f73b907db6ee45065d28395277dc13cbb2f7,0.0001035180095101,1,0,0.0,0,0.24846725,0,edcc548d5882,Low
6d49b8ea30c04bf457f7da6f87aba0209e1c90ee89811e34738762452b00e830,0.0001035180095101,1,0,0.0,0,0.21772866,0,6d49b8ea30c0,Low
342daf7d1b86a8f2aad4a3360d68dfcc404be6dde5d41642033747831dda6849,0.0001035180095101,1,0,0.0,0,0.04226514,0,342daf7d1b86,Low
362c331259c7120ddb552dc6f127d4dc5d5aa8f0ff7a0ccd566fb88ae544b21c,0.0001035180095101,1,0,0.0,0,0.028775036,0,362c331259c7,Low
30fe6224cdd4198dba2efc1de9b7491d9258a397d547c6272f1c9f93d2f2b8db,0.0001035180095101,1,0,0.0,0,0.1127903,0,30fe6224cdd4,Low
1a749397c2d3758e92cf9b3d902d6a5b6755702f58a63298e48b46fc286526ad,0.0001035180095101,1,0,0.0,0,0.038456615,0,1a749397c2d3,Low
fe14066e8999ae904cf2554739df1af4726475a8d1cbe0456644d41cf2249cf4,0.0001035180095101,1,0,0.0,0,0.01626003,0,fe14066e8999,Low
15156caff8b82c119c2545dbbc472cf00c7faced8e8bb8ae5b413d9e311ce81d,0.0001035180095101,1,1,0.0,0,0.075798601,0,15156caff8b8,Low
9e7d7fbb96b55def44f3de6103288276cfb88a7a4c0bc4973b956764517367f4,0.0001035180095101,3,0,0.0,0,0.037205603,0,9e7d7fbb96b5,Low
f49911b2b550579fee24cf17f4716cd80b93c15c05a9a6b8bec2404a71181743,0.0001035180095101,1,0,0.0,0,0.08734176,0,f49911b2b550,Low
cca5e1e9acd86a9ce7fb5aa02fc874106380438a7e575d782c170955dafac7b1,0.0001035180095101,1,0,0.0,1,0.5068475,1,cca5e1e9acd8,Medium
142afa44c3d4739bdedf7f9520986a916aa0fb35d70748242276683035dbda93,0.0001035180095101,1,0,0.0,0,0.44262174,0,142afa44c3d4,Medium
173e17fe7726fd9f9ff06b28e8ec0f3dd72aa495f8ed3e9d6a177da31816569d,0.0001035180095101,1,3,0.0,0,0.111666966,0,173e17fe7726,Low
dbf20104ce6b069a7f70b88e9ae5f9aa3d78055de2721f0e4aaa70c101a6682b,0.0001035180095101,1,0,0.0,0,0.09946246,0,dbf20104ce6b,Low
3010f2445b74a1eb94f2f30316768088d7ac55f528202b8588312ab55fd6e1b1,0.0001035180095101,1,0,0.0,0,0.27968514,0,3010f2445b74,Low
7aaf4d94e5a776515aa5b55101f99d8e6dec0a9fa70be22de28ff5bb5a4e5afd,0.0001035180095101,1,0,0.0,0,0.08408972,0,7aaf4d94e5a7,Low
7e5f120ffc4adb2c9e66dbcf50b243b1b67521344f179bc04dff465eab1dd409,0.0001035180095101,1,1,0.0,0,0.0873194499999999,0,7e5f120ffc4a,Low
2658bf7933cee72b435d848ca4935b75ebb3821ee215e72f1305029df0853825,0.0001035180095101,1,2,0.0,0,0.1262934916666666,0,2658bf7933ce,Low
6dd1b4c2a21828c770a950477a8a102cb0229027eeea1b867a804c4de5d9153d,0.0001035180095101,1,0,0.0,0,0.03250686,0,6dd1b4c2a218,Low
85b23d3807454835d0ea94add6bc0fba47b0037668c2a158b781b23e983ef4e6,0.0001035180095101,1,0,0.0,0,0.030755037,0,85b23d380745,Low
c259f7f579672b971dcbe3ba8f3f41a6f4e154408c4aa071efc3994c3c2e70f3,0.0001035180095101,1,0,0.0,0,0.007105008,0,c259f7f57967,Low
73a350935a9c1f4f2bf477a961388cf316eb2282ec50e6314aa1647d6a64be2e,0.0001035180095101,1,1,9.76469334908183e-08,0,0.0212867115,0,73a350935a9c,Low
621f2db55a2e92778e6b68fdf7d0003ac492770b601e75738655a70337d138fe,0.0001035180095101,6,7,0.0,0,0.1504209648461538,0,621f2db55a2e,Low
b2d233a307b7f5be71d4db45c28056f92c892cc4ff23bf2b1c907c915b057aa9,0.0001035180095101,1,0,0.0,0,0.053798903,0,b2d233a307b7,Low
c69e6ff1e5f85d769bc5c9ba0c21e4dce7af35e9ba6ef881691ad4775e8f6ae4,0.0001035180095101,1,0,0.0,0,0.25267038,0,c69e6ff1e5f8,Low
7831f6b3d0096c2c10464a03e1643258817b26f85376c52e2cfeca795893079a,0.0001035180095101,1,0,0.0,0,0.10892086,0,7831f6b3d009,Low
96f0a953b43117960a9228a0dc524273d1108aa463221af41b3a4de163da2fbb,0.0001035180095101,1,0,0.0,0,0.08303364,0,96f0a953b431,Low
a602dbb6f3c2a52addf50d34b14de4ae6aa73adf239af7d0fd7fb25353bab7ea,0.0001035180095101,1,0,0.0,0,0.049288165,0,a602dbb6f3c2,Low
9826476707d1b46193b0e5bc4d6452f38b52f773800f87a4e262ec359aa8798c,0.0001035180095101,1,0,0.0,0,0.38642308,0,9826476707d1,Medium
d0f3d302d450f201adca1408c706264c6912b4d2f45211f0d85b579164e30ce1,0.0001035180095101,1,3,0.0,0,0.16742402475,0,d0f3d302d450,Low
96f7f1aac1cba010f8876c02ec5399a7150fe4336c7ab716da193c95d73728bc,0.0001035180095101,1,0,0.0,0,0.07082185,0,96f7f1aac1cb,Low
43b17f4e3f55b4b106b1c6a273c0a6446c16423a500647cd03b3484e3704ae3a,0.0001035180095101,1,1,0.0,0,0.1163330675,0,43b17f4e3f55,Low
30acfb6fc188a165c2478731d9b092645378f0d6eed21f873392df5758419af3,0.0001035180095101,1,0,0.0,0,0.045775577,0,30acfb6fc188,Low
6c668502b01edca3e1e3fb93ab40f1a78c7fa83e46f5db1ea4d1e674cc3d849d,0.0001035180095101,2,0,0.0,0,0.32279118,0,6c668502b01e,Medium
a7814bb413d031fb075d913d1f38a5429f27a2db86ca9555bc3b9e357000e95e,0.0001035180095101,1,1,0.0,0,0.0616329949999999,0,a7814bb413d0,Low
4441e0b9ca58749dd1fadab9553276133854da825c680e5883f1484273a65e6f,0.0001035180095101,1,0,0.0,0,0.083369285,0,4441e0b9ca58,Low
b3741b1159b147954a3cd5d9198880facbed2d48ae50bf59faedbfa294660207,0.0001035180095101,1,0,0.0,0,0.02094716,0,b3741b1159b1,Low
4316fb81f02d3cf2340e4c2ce5a854cb56c947deaf9261d99f75cfcc750293ea,0.0001035180095101,1,0,0.0,0,0.23098555,0,4316fb81f02d,Low
b4c5286fbf6443dd4df37457f3ef23a2b71253b1c86452f824e8856befba3483,0.0001020255434474,25,377,0.0032594649904984,0,0.003535504402985,0,b4c5286fbf64,Low
47c61f5dca8eb03e9775f5b3df7dbbeda4033f829713e49a7f9c9bf5f874f56b,0.0001013978954474,2,0,0.0,0,0.050193467,0,47c61f5dca8e,Low
a40e6412c155926ae97c52410e03ed007aa243470a9a47e6b17ac6a573e9a889,0.0001002684025487,2,0,0.0,0,0.14316568,0,a40e6412c155,Low
21f365b63f74a07a13f98b9e0090c176f52207e8a93e3fcbaa899ece62ad7d57,0.0001002684025487,2,0,0.0,0,0.1070427445,0,21f365b63f74,Low
cb4139f6d6193985f600c772a4f30ea91f6609d8049150afd020616b6f766806,0.0001002684025487,2,0,0.0,0,0.0802868499999999,0,cb4139f6d619,Low
7fc39d0ce68b75b4b95f268a591bbd46f02c23b36dbbdfd50f805899bac744ee,0.0001002684025487,2,0,0.0,0,0.249956397,0,7fc39d0ce68b,Low
354e29c86a1af20855e008d28a1ff121d1979c7c7aee7f769faa052732332409,9.938214610472542e-05,3,0,0.0,0,0.0208722116666666,0,354e29c86a1a,Low
74c15a0e577bda8c1e5e08ac84c201b1d5a98d2c65f2a93e9019dc0fb2ac66a9,9.783119732768644e-05,1,0,0.0,0,0.034023833,0,74c15a0e577b,Low
1a2475516271378e09de31a11aeed75505793243a768dad482247df29e8a7aab,9.783119732768644e-05,1,0,0.0,0,0.027341556,0,1a2475516271,Low
53df4aa932dd4d6d80d7f87ee16c4064adefc52092ad580b1741d71ed3ec25f5,9.783119732768644e-05,1,0,0.0,1,0.08282758,1,53df4aa932dd,Low
1a1ee483eba9c08d91d1a5369ffbd55b5f5ee5dcc2e40b627d1581c7b5be2c1f,9.783119732768644e-05,1,9,0.0,10,0.639895825,1,1a1ee483eba9,High
63e5e0a5320ceac45a368569b9b39b593ac0a8ed5421d53a566397937dda8c96,9.783119732768644e-05,1,0,0.0,0,0.14617234,0,63e5e0a5320c,Low
b9918ea5acadfe6e83849814bb2fc923032395f881da544e56dbbca428236874,9.783119732768644e-05,1,0,0.0,0,0.063254364,0,b9918ea5acad,Low
8881c076f89fd12cde6223f631fe361e0bc4a057592cda563e85612768ddfcde,9.783119732768644e-05,1,0,0.0,0,0.04067771,0,8881c076f89f,Low
67040ae0b87f8fedaeea87ce87e2598ff3199f2b6aef781259d39ede7dc066d4,9.783119732768644e-05,1,0,0.0,0,0.10799633,0,67040ae0b87f,Low
0efbdb376416e79c3ecc849639acd85df3cb6567f6455d7a6f01fd025792c6fd,9.783119732768644e-05,1,0,0.0,1,0.66466457,1,0efbdb376416,High
8675dfb97235ccadda7616dd8eee87c03944c9d43adb9f1a19121126e29ed440,9.783119732768644e-05,1,0,0.0,0,0.12489405,0,8675dfb97235,Low
365bcec8ae424d3e3c8d495a627c278cdae74f31482add90ec58a3aa1eacc914,9.783119732768644e-05,1,0,0.0,0,0.26785955,0,365bcec8ae42,Low
00044e392ef6d562350b63ae7eecf6ddaa7ec3ede404b537ed1180ead7bd42af,9.783119732768644e-05,1,0,0.0,0,0.048565503,0,00044e392ef6,Low
7dcbef6d72a7ab1e7947066e7efc4a1ba4e7bff915a22983bff9be0b2d99598c,9.783119732768644e-05,1,0,0.0,0,0.24415559,0,7dcbef6d72a7,Low
823da217811bd73231ffd5a48b7ea465a20cece9ee52b8c2ce9c23b7d65967c8,9.783119732768644e-05,1,0,0.0,0,0.021036541,0,823da217811b,Low
71a085cc695663d8e9ce3510726eea3804ce4100b8a93638abe32dfa8ff6b7ff,9.783119732768644e-05,1,0,0.0,0,0.0264744,0,71a085cc6956,Low
12434be2476c6902220e4e30f70047331349f490fa0630d91175bea72ed3e44c,9.783119732768644e-05,1,0,0.0,0,0.20712313,0,12434be2476c,Low
0ca7a29a6ede6037fc0694c9a4c2f5330459255e8da25a94e18c8554af16e2ed,9.783119732768644e-05,1,0,0.0,0,0.009417397,0,0ca7a29a6ede,Low
f661076272b3c6859d6d7cd903324cfed1b0ba95f88bc4c2107adeecc2604904,9.783119732768644e-05,1,0,0.0,0,0.4762202,0,f661076272b3,Medium
424b730cb3ce119face97be4ee8128a5e91ac0c14690e6846b077d9f041bb7b8,9.783119732768644e-05,1,7,0.0,8,0.7307245,1,424b730cb3ce,High
1eca46c97d675b21f5c06b39351c9985571c2042199d0497d22b89859b01b27d,9.783119732768644e-05,1,0,0.0,0,0.017621204,0,1eca46c97d67,Low
8ce265f63564ee0cb62d1661e5fcbb45e6854b9ea555d7971e4a23791c2b1ae2,9.783119732768644e-05,2,0,0.0,0,0.10646021,0,8ce265f63564,Low
5403cf9594115f34e9ea863dffddbd98bde536946566569c9eab6099294b11bd,9.783119732768644e-05,1,0,0.0,0,0.059876133,0,5403cf959411,Low
abd41fad406d6498a27392b18d40ea57afeab07a09ee95f5becb3bf315565ca8,9.783119732768644e-05,1,0,0.0,0,0.013573777,0,abd41fad406d,Low
5f9df5ae800ebf247b49ad8c21e9986812982d55b3d66f7b43d5473caafa75c5,9.783119732768644e-05,1,0,0.0,0,0.34806415,0,5f9df5ae800e,Medium
e1804c887d5fcffea96c4293c693b4c3e8e71474af8da5519b6ce3749ae4e7d5,9.783119732768644e-05,2,0,0.0,0,0.12907159,0,e1804c887d5f,Low
40c9d0a832b8474e78c2536ac58b6c398aed84ad4401ca26ec99da3df52bb91c,9.783119732768644e-05,1,0,0.0,0,0.42127708,0,40c9d0a832b8,Medium
f4149dcc5e8929cf2f6da3eb6b00d8b4f9cc3e079d72ad38ffc4b1bb5ea3238f,9.783119732768644e-05,1,0,0.0,0,0.04524021,0,f4149dcc5e89,Low
06dc7be387eacb4b01ad56495b3c9767024367a06b6c8faf3face2d0dce44f61,9.783119732768644e-05,1,0,0.0,1,0.55166763,1,06dc7be387ea,Medium
0840c8e92fcd44b251f040e0eba839bf85bcca643e840b0da1477dbf4f43bfe9,9.783119732768644e-05,1,0,0.0,0,0.04048641,0,0840c8e92fcd,Low
1df26fec5f6329c37cd4da9fa7e9106d7f465285e2c11ecca51a5787b46ebecf,9.783119732768644e-05,1,0,0.0,0,0.08765005,0,1df26fec5f63,Low
47031584f855b6e63871150e59074b6970b11c2a14ba6175cdb14cb8b818b949,9.783119732768644e-05,1,0,0.0,0,0.029153751,0,47031584f855,Low
723b380a811ddc63a7cff2de38b21e5e2ad6de41ce73079242ed0d94312202cf,9.783119732768644e-05,1,3,0.0,0,0.323247878,0,723b380a811d,Medium
75669b5eb511f1c4f531e3865df18c09c7dcace36b00364086c4916ee018902e,9.783119732768644e-05,1,0,0.0,0,0.2015964,0,75669b5eb511,Low
337e8760fa5dc1bf803596fa7388cc238305e8f94e6ac94b3c877b53b4e684db,9.672337677265857e-05,18,0,0.0,0,0.0031102081833333,0,337e8760fa5d,Low
7f16b998497f38b169a79fd575a29bc12376c504e1f7e0442dab5c3453ac2eb2,9.593559326686097e-05,2,0,0.0,0,0.0253605265,0,7f16b998497f,Low
910c7c2058164edd15683450e604cb88ffc30f8b4a2355f657eeb19ef2619f7f,9.539399210662512e-05,6,0,0.0,0,0.1547633649999999,0,910c7c205816,Low
3e5361657c4d2732e457eb6c07517f605ccafdb1ef447dcc3219ca9b2a101e05,9.44191100182006e-05,1,0,0.0,0,0.046994112,0,3e5361657c4d,Low
405999843816125a069366c16022f611a23986ee685f1f62016f7247c486a68d,9.44191100182006e-05,1,0,0.0,0,0.32245898,0,405999843816,Medium
4bbd96893228265fb1d1f6a5fc253ca282f2d305d015132f0a96567803aa9bf8,9.44191100182006e-05,1,1,0.0,0,0.222782805,0,4bbd96893228,Low
78d1248c281195215e3b3b34721692d598c5c90c0708d939dff24f53fa0dcab1,9.44191100182006e-05,2,1,0.0,0,0.2497983946666666,0,78d1248c2811,Low
f4060fec113d23075ed4b249d346a45604899bfec0b24e81df5b80f4e0c99f99,9.44191100182006e-05,1,0,0.0,0,0.17600599,0,f4060fec113d,Low
4d0444b37366ba87fa296849cafc7e2aff6f1942929189a0eb18208c88082d82,9.44191100182006e-05,1,0,0.0,0,0.04204407,0,4d0444b37366,Low
33bf31db724b56b910cb2cd5ee1712052d67a6e0abea0960b94b48df9e5d9bd5,9.44191100182006e-05,1,0,0.0,0,0.042636085,0,33bf31db724b,Low
d09b1eec7de646046649476a600c206d105db3c318b198cedf345aca8c1cf525,9.44191100182006e-05,1,0,0.0,0,0.0119858915,0,d09b1eec7de6,Low
a96ac6302b239fe15f2016c099ef751bfc44e8dd2fd6674642bddd67df760fb7,9.44191100182006e-05,1,0,0.0,0,0.059823662,0,a96ac6302b23,Low
b7745fa52faa3f64d0b817b022bd7643e3307a0a03753c293a87d637ec74515e,9.44191100182006e-05,1,0,0.0,0,0.18328951,0,b7745fa52faa,Low
d2cb83b1623785b7e69a0a8abf9d9781da2603415796504815cf170b1f82b8e1,9.356608819082916e-05,3,5,0.0,8,0.69819505,1,d2cb83b16237,High
69c1e584e855035d628f16f57e29b5a03aac5e28e0a9f9b1d944e8be2691e693,9.214438514521004e-05,1,0,0.0,1,0.012064067,1,69c1e584e855,Low
1ebb6ea6ca8c7d04c352f4caf21eb7c02e5f0c3089c3a8f43352834af624fe64,9.214438514521004e-05,1,0,0.0,0,0.25075755,0,1ebb6ea6ca8c,Low
cde223843cfce5cb3def34815a6145f5ce9b90cd92a2753a843e42a6d71e2c40,9.214438514521004e-05,1,0,0.0,0,0.16742605,0,cde223843cfc,Low
fe07f5ad15f0383be3afb8575377ec69913f42389351765bb0ae42f8da82aadd,9.214438514521004e-05,1,0,0.0,0,0.017198248,0,fe07f5ad15f0,Low
e3d78377f33f7619987eeaa18dc5c0ff8263b802dd363b036148a244c0faac53,9.214438514521004e-05,2,0,0.0,0,0.2207978649999999,0,e3d78377f33f,Low
3d5c2efa930d3bd2c1fc6a360cb9fcba58b43afaeb4b962e894c3a88ea8c8a13,9.214438514521004e-05,2,0,0.0,0,0.163342605,0,3d5c2efa930d,Low
0a6f0bb445aa1ffa4d8657ac3885764d5e008f8d3afc4c30795e03325613e445,9.214438514521004e-05,1,0,0.0,0,0.048121754,0,0a6f0bb445aa,Low
9f2e5ce391a9620778f3fa7454e1b2270e587c97289356e3e2214b6f957fe27f,9.214438514521004e-05,2,0,0.0,2,0.611241075,1,9f2e5ce391a9,High
9dbbe90985165cbc98c5c3e8a6ada22931ae80f17ba2e87b9cd5301c25b895fd,9.214438514521004e-05,1,0,0.0,0,0.020625958,0,9dbbe9098516,Low
5de864b88231781379626c853504af644c271165160c14331ceca1d0ef54aff7,9.214438514521004e-05,1,0,0.0,0,0.0042428337,0,5de864b88231,Low
2ea7ee494ac7b8f6df8185518b81cc8440d82783dad1c808ce78d82a338ab1f8,9.214438514521004e-05,1,0,0.0,1,0.80560774,1,2ea7ee494ac7,High
3b7b8a88fb39f740c94b16770a9148e8901c81d408f5bc0ab9581c78e8dd0dd5,9.12694909632906e-05,2,5,0.0,0,0.1127342494285714,0,3b7b8a88fb39,Low
c64769a7db47daf50681d72e4cb8f72222d3e28d418214c4ef49921a7d619531,9.108432811383672e-05,1,0,0.0,0,0.08225698,0,c64769a7db47,Low
d4b6a88ffff8aac9dc860d4216e2126dcf4bc49a2079843efc6a7b8d5028ef75,9.108432811383672e-05,1,0,0.0,0,0.02172548,0,d4b6a88ffff8,Low
22d9562550ef7937c17c2f75367c45a007e9cf7e166293f7c7467475821f5f9f,9.108432811383672e-05,1,1,0.0,0,0.12574792,0,22d9562550ef,Low
6cefc5b6a6fa5c5c71684202281090d107c6b8e64e94ae1261deefdb307a2cc1,9.051958166450253e-05,1,0,0.0,0,0.20310125,0,6cefc5b6a6fa,Low
060739ef33a494711e199e8bd6c792159720d7abd1807a249277c908e0c64427,9.051958166450253e-05,1,0,0.0,0,0.34073743,0,060739ef33a4,Medium
1c49aa8064da4b668f6665c2336248068411715f3af65c581ecf38da673a01a3,9.051958166450253e-05,1,0,0.0,0,0.24108677,0,1c49aa8064da,Low
0fec1af2f7724a42096de6ada0185f562b6cc25eadd2676422ea1d144774f5d3,9.051958166450253e-05,1,0,0.0,0,0.2559455,0,0fec1af2f772,Low
9687fc25738d380ce62a2afb5106aab793920a5a5e4e5c0ef076d7228549bf2b,9.051958166450253e-05,1,0,0.0,0,0.09817166,0,9687fc25738d,Low
fc0cf4bfb33f4f9dd7929be6d097a4ad8fc54e0e517386dae2652bbe90362c0b,9.051958166450253e-05,1,0,0.0,1,0.60136247,1,fc0cf4bfb33f,High
4220bd78019fa15038db9e8bd3c7bce0d819315b9bd20cb82e8386d1dba4a07c,9.051958166450253e-05,1,0,0.0,0,0.0834403,0,4220bd78019f,Low
d241e454c37df7c2a1a705f3b545c4d69c2210bf7822e864d9db353a935a45c5,9.05157584072587e-05,3,0,0.0,0,0.1166282,0,d241e454c37d,Low
d4ab8eef46a2a9fee097e6d3abca143cbf072328bcb3616c85ce3619f96b341d,8.974993791048314e-05,5,3,0.0,8,0.78930068375,1,d4ab8eef46a2,High
a2583b2d3a97be3896e946a578308d7d7d94f6e363f1a174d271ae61ab7deead,8.930097905397185e-05,1,0,0.0,1,0.74930423,1,a2583b2d3a97,High
ac8c062a3c86bb5df0e119add32b21d7ed48724b319450a707ebb6883b42f734,8.930097905397185e-05,1,0,0.0,0,0.39077547,0,ac8c062a3c86,Medium
3615715785e790c5e27289e9056a3e96ea1a8ba27aaa1b9d9cc6e17505cb84cb,8.930097905397185e-05,1,0,0.0,0,0.15816173,0,3615715785e7,Low
e41b45934295317ecfbba36ed211fa2d6a4653c3b6e9686e80467c91b6bf61d2,8.930097905397185e-05,1,0,0.0,0,0.00608064,0,e41b45934295,Low
4d256926ef4440864c097e529506a6841396dfad068a6f6b731618ba64276f33,8.835317702355914e-05,1,0,0.0,0,0.07073759,0,4d256926ef44,Low
e8c89c8b5cdf60ec558301b20db1647cd83e6cf59bb1cb9ef6e45ebacf7a3f8d,8.835317702355914e-05,1,0,0.0,0,0.033994514,0,e8c89c8b5cdf,Low
4c38737732cadaa8612bbb0d651c9b4c833164a5361b2f41e4ed137e904a8f26,8.835317702355914e-05,1,0,0.0,0,0.18301775,0,4c38737732ca,Low
1201164c0114629cf008a3f19effc74b5002282fe71b947602f518ec1b336ddc,8.835317702355914e-05,2,0,0.0,0,0.0224704989999999,0,1201164c0114,Low
5ccab046e0d8d62939ad1ef8e4f215f2de65b29a9de83e4c7aee63e6ea429230,8.835317702355914e-05,1,12,0.0,1,0.4387242969230769,1,5ccab046e0d8,Medium
b625d0a170f4ee117861fe62fab096ce21a5633a026bb8a7e7a63c7477ae9083,8.835317702355914e-05,1,0,0.0,0,0.15428208,0,b625d0a170f4,Low
e7e45e13a2bfb386e8456082dd440bb93bfb9c372755249f8146bd3bfe0ad3d9,8.835317702355914e-05,1,0,0.0,0,0.22349,0,e7e45e13a2bf,Low
f2eb95d20f99d1a10edb1beb46927f1e48fd7716a9db2fb066402e71f5ad227a,8.835317702355914e-05,1,0,0.0,1,0.89617455,1,f2eb95d20f99,High
4ec135df0e6338c0a23f828976b7386b079d96f7059965e7e05fe5bd7de604e6,8.835317702355914e-05,1,0,0.0,0,0.2027026,0,4ec135df0e63,Low
b3e425c55befaf86f26f0943be0507a0853a014e75a464c9d6ad2ed2b90b1d6c,8.835317702355914e-05,1,0,0.0,0,0.017790578,0,b3e425c55bef,Low
67ff29629377573792a78c8a925d2474da3f0e28b2ebe26ddb15d62b912190fb,8.835317702355914e-05,1,0,0.0,0,0.021440137,0,67ff29629377,Low
63c868efde354c8156b4b0a6f293a5677f300bd841fe6c30cfcd5b9b2089c9f4,8.835317702355914e-05,1,0,0.0,0,0.05665826,0,63c868efde35,Low
ef958867c89944a43d26df0ada8ff693ff1b7142cbafe0bfb3e53cb27ecbe217,8.835317702355914e-05,1,13,0.0,14,0.8400288592857142,1,ef958867c899,High
7ddf0068275fe1ca5e7a56088126ad26127d89c610cad141fe8adaed91c835ae,8.764591676039993e-05,1,3,0.0,0,0.2100461975,0,7ddf0068275f,Low
a00da5a26874a3bffcbe153dd786ea9ce51d32dfcac59c00bbb51c88809a995d,8.764591676039993e-05,1,0,0.0,0,0.10348223,0,a00da5a26874,Low
d40960556054e66fe5784ebdedfee6b8eac4133844fb3453ce03370c04497104,8.759493539922894e-05,1,0,0.0,0,0.17616294,0,d40960556054,Low
642d8b5a8133be646778fcf59439cf45c5b3810e65a99684ac1be182c2e661d8,8.72674258649249e-05,2,0,0.0,0,0.0954830065,0,642d8b5a8133,Low
2a23bee237ac85ad69cef0d7b249ea6d5d40f44fd4cad1bb9886f6af7ae90f91,8.697455588841334e-05,1,0,0.0,0,0.13035502,0,2a23bee237ac,Low
41f034ad13a809cbb5d5f86f9c9061768497a687cc2c6c667b6332ee4bd1d9b6,8.697455588841334e-05,1,0,0.0,0,0.03017727,0,41f034ad13a8,Low
7948f039bc055b4a03c2029aa83dd27cab35e1dfffc3b1710153ac1db816b4eb,8.697455588841334e-05,1,0,0.0,0,0.1157017,0,7948f039bc05,Low
9986b23fad54c4893505f9284f00e6c9baad2b519b435ecf1c6e4e060bb86284,8.697455588841334e-05,1,0,0.0,0,0.33994,0,9986b23fad54,Medium
35095ef993dd873e8b81f49cd36287bc5ea5b2c88afabcae3e98c2983c96c4fd,8.645757296273367e-05,1,0,0.0,0,0.088599086,0,35095ef993dd,Low
3367433fce65b01a9b60c101b12cdf110f85a363d3d8568992836050c78e3ed1,8.645757296273367e-05,1,0,0.0,0,0.22076511,0,3367433fce65,Low
f29395f4f39982b73014f2a56ceb1624ea9c3c169b7cfae75f7fdcbe2f1d74eb,8.645757296273367e-05,1,0,0.0,0,0.12949735,0,f29395f4f399,Low
76f30f302d15a468e5d83a30a6d929d586f3d2a81ad0daef1fa1985b93af9ca0,8.645757296273367e-05,1,0,0.0,0,0.04105314,0,76f30f302d15,Low
c4f0cd44a2502643cbf8233cbfab949c3228a15208bbfd3b90ef1949c6e41c6c,8.602012587177396e-05,1,0,0.0,0,0.028666489,0,c4f0cd44a250,Low
2db9c1ef5190f031af98117f59776b2ac02dacf79e392aa5001978a1d53503f6,8.602012587177396e-05,1,0,0.0,0,0.035560444,0,2db9c1ef5190,Low
571cf7a71c7112316c3e583fe6aa2975b18d6934ffe153a015355f5950984b14,8.602012587177396e-05,2,18,0.0,0,0.5051865085,0,571cf7a71c71,Medium
0e660709a514e25177b6c38719ebd9f017971aaec9c300053dce822a60c29451,8.602012587177396e-05,1,0,0.0,0,0.25875768,0,0e660709a514,Low
4109173c2eac57ced4c099e073ce77c82917c6c29609945c704ddb1f9ef37bbd,8.602012587177396e-05,1,0,0.0,0,0.033958856,0,4109173c2eac,Low
66a5153749a6b098087af08d5f34e186216731b3cd501051b6cc6e3818d029bd,8.602012587177396e-05,1,0,0.0,0,0.028072823,0,66a5153749a6,Low
e1615187524c59f1e8f3ec686b47f248d942893ebd8fda221bf25dcd002371c6,8.582570494245853e-05,2,0,0.0,0,0.010486406,0,e1615187524c,Low
08f7e7386f06152efe8339c783aa9804402fc94ac7220e48c09deede1e6b3a91,8.564517122237991e-05,1,0,0.0,0,0.11766792,0,08f7e7386f06,Low
aaa0b60df5d127bc468deb46c2e8e686c28f27398f91a79d8488d3d6f5fb7766,8.564517122237991e-05,1,0,0.0,0,0.44793493,0,aaa0b60df5d1,Medium
a8683c7da5970b2e89ef7aa6cf106426145d960e653e510bc40d39efe6f3ff69,8.564517122237991e-05,1,0,0.0,1,0.8324235,1,a8683c7da597,High
fea5b140d82dc967a10dd28b09b65ac3775369b1b05618d821b69ee38cdd2c2c,8.53202105262384e-05,1,0,0.0,0,0.14197983,0,fea5b140d82d,Low
7d4c6f94e5d3d29da5c622e20212baf78d1742e7ca859875359dd5385dc1a6d6,8.53202105262384e-05,1,15,0.0,16,0.876559561875,1,7d4c6f94e5d3,High
f82b42e4c70a955a63e2c4b2d8aeedb402f83707b7aaf497a2287f42453ef553,8.503586991711457e-05,1,0,0.0,0,0.08758232,0,f82b42e4c70a,Low
dcd817483d2023c92377a5426965bee88ca4c43d0f9ae73d40c87f0aa20a40d8,8.503586991711457e-05,1,0,0.0,0,0.0716605,0,dcd817483d20,Low
4386f4b1c41b34a2e23d4f845dc6cf76b19740f7a5b441b7b450f6d3e1045175,8.503586991711457e-05,1,0,0.0,0,0.03193891,0,4386f4b1c41b,Low
5c826ddab849c0c32172c967436f204f2c1395954c28736ac75397a3470b79d8,8.503586991711457e-05,1,4,0.0,1,0.1986426936,1,5c826ddab849,Low
5e71fb64833a64710a20fec522543636266c380b7b90df633f8853d1d7ad17f4,8.503586991711457e-05,1,0,0.0,0,0.061950654,0,5e71fb64833a,Low
4700800d44edb5bbd0a9ca29c4dc4ad8b029d6ee3642119503b5b75fffd36f11,8.503586991711457e-05,1,0,0.0,0,0.060776178,0,4700800d44ed,Low
277fd89b9f62eb9b4496c278b90adfa7ab2ea537e94de99ea3ba7a7dc791ba23,8.503586991711457e-05,1,0,0.0,0,0.18398885,0,277fd89b9f62,Low
dd17226b6f332a3f18b58e421f2fa1951ba101135df4a884c31e9597ba0e32b4,8.478498114435827e-05,1,0,0.0,0,0.04675126,0,dd17226b6f33,Low
fa3505e9d5e47d1875ab19ef87aba67075b813f7e3b73e9c87df7e5a3fc210b2,8.478498114435827e-05,1,0,0.0,1,0.8542274,1,fa3505e9d5e4,High
e4d9415a2037df971d66397847a8d89905a923d3cd987920514982c551db05d2,8.456196890190823e-05,1,0,0.0,0,0.014448722,0,e4d9415a2037,Low
884315bb58dd6f41b5b9b9c08eaec86d1dedfe42dbb06a1fe1316fd6a326b575,8.436243163234764e-05,1,0,0.0,0,0.121519014,0,884315bb58dd,Low
0b93a120f465bd91671d3439cf0a76c965b51fcda58ef9ea8509b7591bd5f96e,8.418284808974313e-05,1,0,0.0,0,0.20831294,0,0b93a120f465,Low
765cd9e94dd4839ff7327bed75302576a66bf92757cf85b49adb6ffcdd911693,8.418284808974313e-05,1,0,0.0,0,0.27613732,0,765cd9e94dd4,Low
45d076e14f8c1c8863209fd2712f1014faef1252bc318d83924680f855155053,8.418284808974313e-05,2,0,0.0,0,0.1236121224999999,0,45d076e14f8c,Low
02ee795961dec1dc135976a0a5a7cf62dd40f37263e2f874614dfb46bc946d1d,8.402036774167237e-05,3,1,0.0,0,0.0226411345,0,02ee795961de,Low
0681771df5b690bf956e6ffa231f9f7176d6d8742afe946d6a2404dfe1ee9377,8.402036774167237e-05,1,0,0.0,0,0.02157315,0,0681771df5b6,Low
5294ff13bbc97a5eb560fb5be8b1a531d9c3a458aaa9e3eae42f0779a6061c53,8.402036774167237e-05,1,0,0.0,1,0.49404323,1,5294ff13bbc9,Medium
f33bdc4a8d1f7825c075b93e3e5d19cc47f089934f9e8c803aef9d88be7f9386,8.401909332259109e-05,1,0,0.0,0,0.064094216,0,f33bdc4a8d1f,Low
95742caf259e73373bfaa4ec6fe7ffae093c66953ea1b80c4139932538a07288,8.387265833433531e-05,1,0,0.0,0,0.038093816,0,95742caf259e,Low
28306a3ea9ee82ac2946d8a849edc83ca1639af2d8dd4fb2fb050ed6028acd1a,8.361416687149549e-05,1,0,0.0,0,0.16250867,0,28306a3ea9ee,Low
41d8c5a92ab61f58abbf5f1f6d040613fc821f87f2e9c128dca5d7e2880742b0,8.339544332601562e-05,1,0,0.0,0,0.024347605,0,41d8c5a92ab6,Low
32531e381175b68c5c087ec9383978415bb1e60a9d180531bf94f8f52b9b9a2d,8.320796600131859e-05,1,0,0.0,0,0.069509156,0,32531e381175,Low
f04a2253197dcd2f4a40abcff52a0ab6d948d3f5dfa2f4990506dfeaa83d919d,8.320796600131859e-05,1,8,0.0,0,0.3503581011111111,0,f04a2253197d,Medium
8b260d25cddcc684a02aebc788a673629e4d2dd7363a67a9e314dedfb04413df,8.320796600131859e-05,1,7,0.0,0,0.12997627825,0,8b260d25cddc,Low
ceff2bcb5ba8247c771062711a4319d5d93f7f80afcf6d93f3ab7b9432b189d9,8.312392444197165e-05,1,0,0.0,0,0.2030454,0,ceff2bcb5ba8,Low
6aea4ef97c33f6bd1d655ee9d22e20b2fa7d664e274e47d4c66bf695e53cdf3c,8.269306348982677e-05,2,0,0.0,0,0.111877777,0,6aea4ef97c33,Low
d737cc98eb0c640735f514b7e9d71da713d269491b67754ece4361d83e6bac2f,8.266636484108276e-05,1,0,0.0,0,0.13093564,0,d737cc98eb0c,Low
2776a54457b19da1c5c76e6aa0cae63cea66b162a6d7e0702d5563ccd818f610,8.256659620630246e-05,1,3,0.0,4,0.65899642,1,2776a54457b1,High
617aab755fcf0d051d3071140d71075534b1fa6e84440771db6e3c0c00e0f34f,8.256659620630246e-05,1,5,0.0,6,0.775805525,1,617aab755fcf,High
0edffcc69a0b86f321ab3c5f83e524be919a663a13c36e88ac544aa2fe8b23cd,8.256659620630246e-05,1,0,0.0,0,0.50105476,0,0edffcc69a0b,Medium
cd60315056f76d67837300c4dd7acdc98c8956ac44c91d7e4816ba99fb000d19,8.243519361415282e-05,1,0,0.0,1,0.16654497,1,cd60315056f7,Low
05f7e037960792e3c82161fcf04ac980b68e3333df2d268486b8084cf4c1ea24,8.185396310072897e-05,1,0,0.0,0,0.23190129,0,05f7e0379607,Low
3ba9734b7b5b76cf606c5b49ccbf0eaab894f2fdffd6d3a99f731fc0952c162c,8.173191213504204e-05,1,0,0.0,0,0.09995876,0,3ba9734b7b5b,Low
c80c3196d326fc6a5e443581c263c2af2f6665d8dd51da34e1e4398b9ad3f80d,8.173191213504204e-05,1,0,0.0,0,0.048682887,0,c80c3196d326,Low
13aa6f10adc29172daeed7b36fa1e291e62429bb9daab98e55dad961edde336a,8.158316252061107e-05,1,0,0.0,1,0.72384274,1,13aa6f10adc2,High
01916817ccedf84c46d8f187fb7c6e72dd5e1d3c06a34a76485a22aa4e614ef3,8.099998602026232e-05,1,0,0.0,0,0.010117118,0,01916817cced,Low
b89554c17bfdb1cefb6e54e990e55df47df10ce72c0ae9aebb28c610f2b3cf41,8.099998602026232e-05,1,0,0.0,0,0.010043077,0,b89554c17bfd,Low
77a3419e879af800b1c7b31655f7210e14be901e18854595bf012c76e0e46406,8.099998602026232e-05,1,0,0.0,0,0.011114385,0,77a3419e879a,Low
62e9d4fe5d55a755ada6d12afc3b09c6a5acb680d795f886ccf94d375291a4b1,8.099998602026232e-05,1,0,0.0,0,0.010043077,0,62e9d4fe5d55,Low
368d99a44f4f0edc8eef92ba12c7b05e2e0fc85234962bb5f25a3234c4599848,8.099998602026232e-05,1,0,0.0,0,0.010043077,0,368d99a44f4f,Low
f5df21b362aad9c806eadf1bca9ff4e9026c72c3471f1d6255554c3f9c5fadb6,8.099998602026232e-05,1,0,0.0,0,0.0092534665,0,f5df21b362aa,Low
08468244a08a0b83bb64fe767ea422a11bbbd1b37878f92b1d979d7149019961,8.099998602026232e-05,1,0,0.0,0,0.010117118,0,08468244a08a,Low
1f85162b10b0f71d2407163f6ba7ba1a62582620fb4221dbf5637c8d5a5acfb4,8.099998602026232e-05,1,0,0.0,0,0.0092534665,0,1f85162b10b0,Low
d0d47f5561c0ded26b2d3f5df70e6bb68476e6c49c7a3a06033d997ef3d1fae0,8.099998602026232e-05,1,0,0.0,0,0.009354542,0,d0d47f5561c0,Low
07db828db5929912275fda0c4496acf0c07a9e09e15ee961e245e83341642f29,8.077076078025729e-05,0,1,0.0,0,0.12172299,0,07db828db592,Low
07e230991704414152d000d7bb5d6c56c5d8e76768bdc27e86476e61496a2388,8.077076078025729e-05,0,1,0.0,0,0.102739654,0,07e230991704,Low
07efe345198a23d1ba162336184a4648ab8bd574b86954afe50ab4cd8cc43918,8.077076078025729e-05,0,3,0.0,0,0.3539853633333333,0,07efe345198a,Medium
07f9f39a5219e9fddffa4d3b9bd36a70330c0e966a04a91cb9833e4295208e4e,8.077076078025729e-05,0,8,0.0,0,0.1913296575,0,07f9f39a5219,Low
080e8a037a950e0c4a53b21c2f530ed38dbfec3c906247b828ce09f7b5df342e,8.077076078025729e-05,0,1,0.0,0,0.16428986,0,080e8a037a95,Low
082181d56d5948d991aa3c2379baf9110439475027ab760f3d570b81940d8598,8.077076078025729e-05,0,1,0.0,0,0.17754406,0,082181d56d59,Low
082452114769327d36d42e19b1e90b1aa7926afefb64aa317efc32db13a8d7a8,8.077076078025729e-05,0,1,0.0,0,0.32697532,0,082452114769,Medium
0824d38707bae8486e0d81872c23daa4d5ad4e897911c57cdffa971a34c145cf,8.077076078025729e-05,0,20,0.0,0,0.0616835955999999,0,0824d38707ba,Low
082fe0be346a998caa6d8812d1912c3d4b7e07857fb6fac301d5f3c5bac0e504,8.077076078025729e-05,0,7,0.0,0,0.1306967322857143,0,082fe0be346a,Low
08484228affa7dbe71b1d4ee6b435d1c94f50c6a25f1af86efc8e41fd117770f,8.077076078025729e-05,0,1,0.0,0,0.10189771,0,08484228affa,Low
08522c40850d11368bfa5ab4d20a8be53ab59b4f933eee6a56180107079a228f,8.077076078025729e-05,0,1,0.0,0,0.1746159,0,08522c40850d,Low
085a6c523177859a073a550e7dd5a2ee6296d2d9443dbba613326e3afc37672e,8.077076078025729e-05,0,1,0.0,0,0.12416657,0,085a6c523177,Low
085b2e90d84c5a65b16fc8d47cdb4d9d758ac3a0326ec5dcb3664fbc4e8beeea,8.077076078025729e-05,0,2,0.0,0,0.26918034,0,085b2e90d84c,Low
087d47a76668957839e8ad3d44e8226a2be802597af6eedd512c1962e09a7e97,8.077076078025729e-05,0,7,0.0,0,0.2373999457142857,0,087d47a76668,Low
087f582783f7f0b6e5e54ca69631d439119689d8964832d8b96e61827f612876,8.077076078025729e-05,0,1,0.0,0,0.30153266,0,087f582783f7,Medium
088c9f08dc4bb039d2ee973e80e5b98b606a1b563245d01d19f87595e6c3779b,8.077076078025729e-05,0,2,0.0,0,0.20138198,0,088c9f08dc4b,Low
088eb5c0bfdd1adcc3753d495267b40e5e6083d6e4c53d4a11d7f253a1477132,8.077076078025729e-05,0,3,0.0,0,0.1767690133333333,0,088eb5c0bfdd,Low
089e1841e21bca3fb835e1b18bfacc49dbb80bebac7ef510f07fae291d8f2c91,8.077076078025729e-05,0,5,0.0,0,0.235960236,0,089e1841e21b,Low
08bb18213aed2de7ec895e1401db2e4bb003dad3ffb2b7cc00a34f14432af59f,8.077076078025729e-05,0,1,0.0,0,0.118823454,0,08bb18213aed,Low
08c2c275f3e75d20112a0170484a0e33a834b776bd1843a6459064f0acbcb068,8.077076078025729e-05,0,1,0.0,0,0.030213056,0,08c2c275f3e7,Low
08d52a364617956984c596a2d07cf89ca675361037a54091f6a482e0f99a2c7f,8.077076078025729e-05,0,2,0.0,2,0.215582765,1,08d52a364617,Low
08d5cfbccf116f18e225c8842febde92028ca55e54d49241f4413d9ff91ace63,8.077076078025729e-05,0,1,0.0,0,0.111593544,0,08d5cfbccf11,Low
08d94637c8213fb9d3eb178cbc94569fd60a958da81956b0bdadaa28f9f06d71,8.077076078025729e-05,0,11,0.0,0,0.061649966090909,0,08d94637c821,Low
08ecc88040344d27862feb49a5901544f12e48e52901e5554ca196a9597339c8,8.077076078025729e-05,0,4,0.0,0,0.10152112675,0,08ecc8804034,Low
08eccc6f4004ac5cf41ceb2b2536b3c918f68733a8c447bfa7dfca2816526dab,8.077076078025729e-05,0,7,0.0,0,0.3681313857142857,0,08eccc6f4004,Medium
090d0eb10127bb144bb9792f9033060cc044990ee56f24d4773d0e336f1b3877,8.077076078025729e-05,0,3,0.0,0,0.109052455,0,090d0eb10127,Low
090e47d45a10e4f554a7fbf91f34c9c27f2f5001afdd61d9442ce6474173a924,8.077076078025729e-05,0,1,0.0,0,0.1284763,0,090e47d45a10,Low
091cfdcd4c43ef408e7d12924dd6ff534e32104ec747f60156abd782dc85bf39,8.077076078025729e-05,0,9,0.0,0,0.2925971666666667,0,091cfdcd4c43,Low
092b392454d8604f972fc94e733d6ecf672b7bc4fbef87e2faa5a34534fdb6e1,8.077076078025729e-05,0,10,0.0,10,0.868590094,1,092b392454d8,High
094dab1e0500356d9d785d07b6d3e521e759d346ff3d079ee58309927cf784b5,8.077076078025729e-05,0,1,0.0,0,0.17776364,0,094dab1e0500,Low
09514ca86d068743c350206d25c10fe2d80babe1f22c2dddf293a6bce78a2c36,8.077076078025729e-05,0,3,0.0,0,0.0379467423333333,0,09514ca86d06,Low
095186e343fcb1f4b62824f9bce390025731398c13160b06071980ee0dfa5927,8.077076078025729e-05,0,1,0.0,0,0.16686317,0,095186e343fc,Low
095d736d48422ce8f45252d2440d5ec533cae67921009547c0937e04d3924645,8.077076078025729e-05,0,1,0.0,0,0.12527087,0,095d736d4842,Low
0963b87ca15c2e9ad5626fbe4af893f34907427253195f144bd6aabd52941e25,8.077076078025729e-05,0,2,0.0,0,0.26573172,0,0963b87ca15c,Low
0985e1109ffa011ab7589038ac2eac0339d85d66a0e148e36e7e05099e3aa066,8.077076078025729e-05,0,16,0.0,0,0.1171104835,0,0985e1109ffa,Low
09887b620421c81df23b63f113d696af2fd9c2e4e2b40eae4b742b303d4c7420,8.077076078025729e-05,0,2,0.0,2,0.6061223,1,09887b620421,High
0995952e3794141b46bc9a682ae4eb03ed6cf7c36438e8702eb24d2490b4e7fb,8.077076078025729e-05,0,1,0.0,0,0.07490203,0,0995952e3794,Low
09a13b2573dd0d5fa24faa586b2607af4a23119f040a180428997e35a88de83a,8.077076078025729e-05,0,1,0.0,0,0.19240788,0,09a13b2573dd,Low
09a3bf8c847345766ef59d2529fdac0fb5e1251a221ef7c96fe1cdb4561c1d5e,8.077076078025729e-05,0,1,0.0,0,0.09110073,0,09a3bf8c8473,Low
09a4b8b2c5d24ceb5cb449179953b21044883c5180fef62d133b78845ebfa0d9,8.077076078025729e-05,0,1,0.0,0,0.082956545,0,09a4b8b2c5d2,Low
09a671a8d3267080f624aa438202f95ed9e850fcd48d72438aec16722a49da70,8.077076078025729e-05,0,2,0.0,2,0.549906025,1,09a671a8d326,Medium
09cde8c03ab4998900d1ada28cc5dbaf676b8386ff10d504e7e0a4ae847f640a,8.077076078025729e-05,0,1,0.0,0,0.10608,0,09cde8c03ab4,Low
09e2fe3f5b0264462650c2d9eb5587b02568e262e82a51de3dfe1a7a413c8e3c,8.077076078025729e-05,0,5,0.0,0,0.395948826,0,09e2fe3f5b02,Medium
09e4b25b55522b28bb90a36fa8becfa984d624e0a32f60f1e8c9cbb530b59e2b,8.077076078025729e-05,0,1,0.0,0,0.14906153,0,09e4b25b5552,Low
09e90765673b48831f2c128b95d87e04eae0be3bd730827a296db72933e90149,8.077076078025729e-05,0,4,0.0,4,0.49441044,1,09e90765673b,Medium
09eb3b80abae1238ef39d50b66215e02e1ac9891ad6e8f1a2f6590fc889c1696,8.077076078025729e-05,0,13,0.0,0,0.0875763527692307,0,09eb3b80abae,Low
0a004d262d6904ba2ec6ed0fc0dd17f33f1bfff32d7e27e9d1a6eee61e7c4ab7,8.077076078025729e-05,0,1,0.0,0,0.21917227,0,0a004d262d69,Low
0a129c3ad299e0d32427317c5606653b192cf6e064b79a1b90d5af2cb5939286,8.077076078025729e-05,0,3,0.0,0,0.081105162,0,0a129c3ad299,Low
0a1d240e9287b7cb05bf51ab1ff82f0b4ba6454157c29b90153ed85b7eb8bf48,8.077076078025729e-05,0,11,0.0,0,0.1937358977272727,0,0a1d240e9287,Low
0a1e8ee4d42f0ec79ff7e7d7ae92fedd7cc0b7e61a5334b1f5897d399658e70d,8.077076078025729e-05,0,9,0.0,0,0.0424141691111111,0,0a1e8ee4d42f,Low
0a2013689df5073b0788aeb52546a7eff58dcb29470ca2fe7be4c12bb30e17e1,8.077076078025729e-05,0,1,0.0,0,0.12023407,0,0a2013689df5,Low
0a2467ec6e2f143a94db2a08ea264647ea6cb64fc336d240a2b9e75c35af40b7,8.077076078025729e-05,0,6,0.0,0,0.0766723905,0,0a2467ec6e2f,Low
0a27b820b7d22848d0b4027f16f20f9da8d4e6912803c7c7d8f4390f2c0d5a10,8.077076078025729e-05,0,1,0.0,0,0.07592695,0,0a27b820b7d2,Low
0a2e57c0f5055f6c5614a33835e7db8a8efdbd9003360c4b2f2e3dbfb3abcd0a,8.077076078025729e-05,0,1,0.0,0,0.05954587,0,0a2e57c0f505,Low
0a4e3ecd23897fda8f272605d47dc6b22a5870db6a38da1e627687e41513bfcd,8.077076078025729e-05,0,2,0.0,0,0.058798956,0,0a4e3ecd2389,Low
0a54558a0ec4a68d1c0aeb69673fdc3c7bceab0d9abf353dd3fedc2e154ff5db,8.077076078025729e-05,0,1,0.0,0,0.12386583,0,0a54558a0ec4,Low
0a58f22c06ca4e885e8035dfa99d49d41574ade7b36f656b649c288f77b02c20,8.077076078025729e-05,0,1,0.0,0,0.07932764,0,0a58f22c06ca,Low
0a690c6fa75350b57d3dfe83fe5a0b44193210b67c7ae6997327dd3e211f0fc5,8.077076078025729e-05,0,1,0.0,0,0.21388307,0,0a690c6fa753,Low
0a6bd56dd876072a48b343c0eef558dcedb98c70e1591512dfcbe542b8f243a9,8.077076078025729e-05,0,3,0.0,3,0.4709553733333333,1,0a6bd56dd876,Medium
0a7c0b6cf482987f7cfb784cc0e095e5817a5c9bfae285ef55fcee23371208a7,8.077076078025729e-05,0,1,0.0,0,0.2697787,0,0a7c0b6cf482,Low
0aa5f6665ee39ab233ed78c8a50933e38e72815c2231792920212b42c814bcd9,8.077076078025729e-05,0,4,0.0,0,0.3099812,0,0aa5f6665ee3,Medium
0ac6d88f87a6a44a538b629944b2d97d4a037969e3a9077720380efc35ca065c,8.077076078025729e-05,0,1,0.0,0,0.06349275,0,0ac6d88f87a6,Low
0ad18a682373a32202471a597658292c461c62a833b231c88b4b478472fb82fc,8.077076078025729e-05,0,4,0.0,0,0.06443390225,0,0ad18a682373,Low
0ad1b2f42605f4f11b93dca8257f62bfe1637be6864d513089567e986a70091b,8.077076078025729e-05,0,1,0.0,0,0.13567409,0,0ad1b2f42605,Low
0ad90e2c38406520347f2db652923b3ccb3541057c59160638fc9a87350d5b3f,8.077076078025729e-05,0,2,0.0,0,0.117307132,0,0ad90e2c3840,Low
0aea900c11ac5b8517b6444ff77605c149ee66a560abfbf365773954a99ef0b6,8.077076078025729e-05,0,5,0.0,0,0.310216912,0,0aea900c11ac,Medium
0af9156dcf1f93df55ab6557ecc7ee125f094312005e1408c3b99cb3e4b96793,8.077076078025729e-05,0,1,0.0,0,0.052206293,0,0af9156dcf1f,Low
0b04b3b74aad460ae1fd7fb45679ffe7bd89aec6e2a56b2abbf1d44c45696bb4,8.077076078025729e-05,0,8,0.0,0,0.05236416375,0,0b04b3b74aad,Low
0b0a9f1f7081fc1edf335fbd64344ddfb9efa3b489efddf12fbf0884dd078c2a,8.077076078025729e-05,0,5,0.0,0,0.0578598615999999,0,0b0a9f1f7081,Low
0b0c0112272204c5b78491c750f3098f7168087bd9e724155a4e3ad7cdcd72df,8.077076078025729e-05,0,6,0.0,0,0.3557018066666667,0,0b0c01122722,Medium
0b113dddaf32b2f98255eeec0118811860f07b1199ecb59a3b9f1c4d84e06bfa,8.077076078025729e-05,0,2,0.0,0,0.16610868,0,0b113dddaf32,Low
0b1403a145b677b8ff6f1d03f8bc03547ab96ee0e76951912045a7952aea02e9,8.077076078025729e-05,0,1,0.0,0,0.14666791,0,0b1403a145b6,Low
0b14474dcea7c5dcdbba478309dbdb742fd68221885d1f7d46c4ff94b59e3e2d,8.077076078025729e-05,0,5,0.0,0,0.228361562,0,0b14474dcea7,Low
0b1dac3042b8599e35ceafc223c8795664a6d0887c49e932dc2b276751fe7549,8.077076078025729e-05,0,2,0.0020666569215027,2,0.49824815,1,0b1dac3042b8,Medium
0b1e2501481fb564bfcf850083578cceb1bc5b72b901685e490216117f7c453c,8.077076078025729e-05,0,15,0.0,0,0.1256695478666666,0,0b1e2501481f,Low
0b261f5163a0f884c9ad3540514786f530596801c6dac2aad288ead7f47ad25e,8.077076078025729e-05,0,10,0.0,0,0.2518178279999999,0,0b261f5163a0,Low
0b2a5bf302e4f872a176167b3f775be3ed9b59f4ad7ffb25888642de848f5b7d,8.077076078025729e-05,0,12,0.0,0,0.4333302133333334,0,0b2a5bf302e4,Medium
0b2cc5592366889cf16889d6df0679662da01d831acae3e1aded3b861734acc4,8.077076078025729e-05,0,3,0.0,0,0.1394197833333333,0,0b2cc5592366,Low
0b38f43459cf6522b444561ffcdbdc49e68956d2a8673b9c19ddb3d341d947a3,8.077076078025729e-05,0,12,0.0,0,0.1971701369166666,0,0b38f43459cf,Low
0b3c32b754335d659b6e5fea40e21ececd5902265929792e1a50a394887bdb84,8.077076078025729e-05,0,1,0.0,0,0.14717692,0,0b3c32b75433,Low
0b523ab300946f97d3b29f213fb6c8624d93f9af7d28fbf415d6f5379fd6ec46,8.077076078025729e-05,0,5,0.0,0,0.208473148,0,0b523ab30094,Low
0b551a33819be02df450c64cf0a93f687a536b379016f949bda675764329f68b,8.077076078025729e-05,0,1,0.0,0,0.094994314,0,0b551a33819b,Low
0b56580adee7a688496918ea2ef35831b0210a6d320a924987fe4510b12bf19a,8.077076078025729e-05,0,7,0.0,0,0.2527730842857142,0,0b56580adee7,Low
0b5c02a3671fe7c13d8209f65eeb7d43ed0abafa6949bd5d87e1f196e377a5a5,8.077076078025729e-05,0,1,0.0,1,0.59109664,1,0b5c02a3671f,Medium
0b61978c3eca1301c7651fd2bf9d1881410c4239245f8b629a86dc001fefe1c1,8.077076078025729e-05,0,1,0.0,0,0.05921546,0,0b61978c3eca,Low
0b68300d50c260c4d4494b084827471ea491f732e41e5d4c0669a3c7f8813746,8.077076078025729e-05,0,1,0.0,0,0.14089392,0,0b68300d50c2,Low
0b6917a5f46adbb8d17bfa5ec93479cbf2e0cb62d9382d83b132dd1240491538,8.077076078025729e-05,0,2,0.0,0,0.045576174,0,0b6917a5f46a,Low
